<?xml version='1.0' encoding='UTF-8'?>
<paper>
	<profile>
		  	<title>漢字テスト1</title>	
		  	<imgId>1</imgId>
		  	<totalTime>10</totalTime>
		  	<totalScore>100</totalScore>
		  	<subjectCount>10</subjectCount>
		  	<passingScore>60</passingScore>
		  	<descriptions>漢字Level 1 テスト</descriptions>
		  	<creator>JOPT</creator>
		  	<fileId>1</fileId>
	  </profile>
	  <subjects>
		<subject>
			<index>0</index>
			<type>0</type>
			<value>10</value>
			<image>null</image>
			<subjectContent>ちがうのは？</subjectContent>
			<audioid>null</audioid>
			<analysis></analysis>
			<answers>
				<answer>
					<correct>false</correct>
					<content>A．耳</content>
				</answer>
				<answer>
					<correct>false</correct>
					<content>B．目</content>
				</answer>
				<answer>
					<correct>false</correct>
					<content>C．口</content>
				</answer>
				<answer>
					<correct>true</correct>
					<content>D．車</content>
				</answer>
			</answers>
		</subject>
		<subject>
			<index>1</index>
			<type>0</type>
			<value>10</value>
			<image>null</image>
			<subjectContent>ちがうのは？</subjectContent>
			<audioid>null</audioid>
			<analysis></analysis>
			<answers>
				<answer>
					<correct>true</correct>
					<content>A．円</content>
				</answer>
				<answer>
					<correct>false</correct>
					<content>B．十</content>
				</answer>
				<answer>
					<correct>false</correct>
					<content>C．千</content>
				</answer>
				<answer>
					<correct>false</correct>
					<content>D．百</content>
				</answer>
			</answers>
		</subject>
		<subject>
			<index>2</index>
			<type>0</type>
			<value>10</value>
			<image>null</image>
			<subjectContent>ちがうのは？</subjectContent>
			<audioid>null</audioid>
			<analysis></analysis>
			<answers>
				<answer>
					<correct>false</correct>
					<content>A．秋</content>
				</answer>
				<answer>
					<correct>false</correct>
					<content>B．春</content>
				</answer>
				<answer>
					<correct>true</correct>
					<content>C．書</content>
				</answer>
				<answer>
					<correct>false</correct>
					<content>D．夏</content>
				</answer>
			</answers>
		</subject>
		<subject>
			<index>3</index>
			<type>0</type>
			<value>10</value>
			<image>null</image>
			<subjectContent>ちがうのは？</subjectContent>
			<audioid>null</audioid>
			<analysis></analysis>
			<answers>
				<answer>
					<correct>false</correct>
					<content>A．南</content>
				</answer>
				<answer>
					<correct>false</correct>
					<content>B．西</content>
				</answer>
				<answer>
					<correct>false</correct>
					<content>C．北</content>
				</answer>
				<answer>
					<correct>true</correct>
					<content>D．方</content>
				</answer>
			</answers>
		</subject>
		<subject>
			<index>4</index>
			<type>0</type>
			<value>10</value>
			<image>null</image>
			<subjectContent>はんたいは？ 【　右　】 </subjectContent>
			<audioid>null</audioid>
			<analysis></analysis>
			<answers>
				<answer>
					<correct>false</correct>
					<content>A．人</content>
				</answer>
				<answer>
					<correct>true</correct>
					<content>B．左</content>
				</answer>
				<answer>
					<correct>false</correct>
					<content>C．竹</content>
				</answer>
				<answer>
					<correct>false</correct>
					<content>D．中</content>
				</answer>
			</answers>
		</subject>
		<subject>
			<index>5</index>
			<type>0</type>
			<value>10</value>
			<image>null</image>
			<subjectContent>はんたいは？ 【　上　】</subjectContent>
			<audioid>null</audioid>
			<analysis></analysis>
			<answers>
				<answer>
					<correct>true</correct>
					<content>A．下</content>
				</answer>
				<answer>
					<correct>false</correct>
					<content>B．円</content>
				</answer>
				<answer>
					<correct>false</correct>
					<content>C．日</content>
				</answer>
				<answer>
					<correct>false</correct>
					<content>D．土</content>
				</answer>
			</answers>
		</subject>
		<subject>
			<index>6</index>
			<type>0</type>
			<value>10</value>
			<image>null</image>
			<subjectContent>はんたいは？【　前　】</subjectContent>
			<audioid>null</audioid>
			<analysis></analysis>
			<answers>
				<answer>
					<correct>false</correct>
					<content>A．朝</content>
				</answer>
				<answer>
					<correct>false</correct>
					<content>B．行</content>
				</answer>
				<answer>
					<correct>true</correct>
					<content>C．後</content>
				</answer>
				<answer>
					<correct>false</correct>
					<content>D．午</content>
				</answer>
			</answers>
		</subject>
		<subject>
			<index>7</index>
			<type>0</type>
			<value>10</value>
			<image>null</image>
			<subjectContent>はんたいは？【 来る 】</subjectContent>
			<audioid>null</audioid>
			<analysis></analysis>
			<answers>
				<answer>
					<correct>false</correct>
					<content>A．引く</content>
				</answer>
				<answer>
					<correct>false</correct>
					<content>B．止まる</content>
				</answer>
				<answer>
					<correct>false</correct>
					<content>C．行く</content>
				</answer>
				<answer>
					<correct>true</correct>
					<content>D．通る</content>
				</answer>
			</answers>
		</subject>
		<subject>
			<index>8</index>
			<type>0</type>
			<value>10</value>
			<image>null</image>
			<subjectContent>【　山　】があります。</subjectContent>
			<audioid>kj49</audioid>
			<analysis></analysis>
			<answers>
				<answer>
					<correct>false</correct>
					<content>A．かわ</content>
				</answer>
				<answer>
					<correct>true</correct>
					<content>B．やま</content>
				</answer>
				<answer>
					<correct>false</correct>
					<content>C．き</content>
				</answer>
				<answer>
					<correct>false</correct>
					<content>D．うみ</content>
				</answer>
			</answers>
		</subject>
		<subject>
			<index>9</index>
			<type>0</type>
			<value>10</value>
			<image>null</image>
			<subjectContent>ともだちが【　二人　】います。</subjectContent>
			<audioid>null</audioid>
			<analysis></analysis>
			<answers>
				<answer>
					<correct>true</correct>
					<content>A．ふたり</content>
				</answer>
				<answer>
					<correct>false</correct>
					<content>B．ひとつ</content>
				</answer>
				<answer>
					<correct>false</correct>
					<content>C．ひとり</content>
				</answer>
				<answer>
					<correct>false</correct>
					<content>D．ふたつ</content>
				</answer>
			</answers>
		</subject>
		
	</subjects>
</paper>