<?xml version='1.0' encoding='UTF-8'?>
<paper>
	<profile>
		  	<title>漢字テスト2</title>
		  	<imgId>2</imgId>
		  	<totalTime>10</totalTime>
		  	<totalScore>100</totalScore>
		  	<subjectCount>10</subjectCount>
		  	<passingScore>60</passingScore>
		  	<descriptions>漢字Level 2 テスト</descriptions>
		  	<creator>JOPT</creator>
		  	<fileId>2</fileId>
	  </profile>
	  <subjects>
		<subject>
			<index>0</index>
			<type>0</type>
			<value>10</value>
			<image>null</image>
			<subjectContent>【　四月　】にうまれました。　</subjectContent>
			<audioid>null</audioid>
			<analysis></analysis>
			<answers>
				<answer>
					<correct>false</correct>
					<content>A．よんがつ</content>
				</answer>
				<answer>
					<correct>true</correct>
					<content>B．しがつ</content>
				</answer>
				<answer>
					<correct>false</correct>
					<content>C．よつき</content>
				</answer>
				<answer>
					<correct>false</correct>
					<content>D．よっか</content>
				</answer>
			</answers>
		</subject>
		<subject>
			<index>1</index>
			<type>0</type>
			<value>10</value>
			<image>null</image>
			<subjectContent>【　黄色　】のかさを買いました。</subjectContent>
			<audioid>null</audioid>
			<analysis></analysis>
			<answers>
				<answer>
					<correct>false</correct>
					<content>A．きんいろ</content>
				</answer>
				<answer>
					<correct>false</correct>
					<content>B．みずいろ</content>
				</answer>
				<answer>
					<correct>true</correct>
					<content>C．きいろ</content>
				</answer>
				<answer>
					<correct>false</correct>
					<content>D．ちゃいろ</content>
				</answer>
			</answers>
		</subject>
		<subject>
			<index>2</index>
			<type>0</type>
			<value>10</value>
			<image>null</image>
			<subjectContent>男の子が【　何人　】いますか。</subjectContent>
			<audioid>null</audioid>
			<analysis></analysis>
			<answers>
				<answer>
					<correct>false</correct>
					<content>A．なにじん</content>
				</answer>
				<answer>
					<correct>false</correct>
					<content>B．なにん</content>
				</answer>
				<answer>
					<correct>false</correct>
					<content>C．なにひと</content>
				</answer>
				<answer>
					<correct>true</correct>
					<content>D．なんにん</content>
				</answer>
			</answers>
		</subject>
		<subject>
			<index>3</index>
			<type>0</type>
			<value>10</value>
			<image>null</image>
			<subjectContent>テレビを見た【　後　】、ねました。 </subjectContent>
			<audioid>null</audioid>
			<analysis></analysis>
			<answers>
				<answer>
					<correct>false</correct>
					<content>A．まえ</content>
				</answer>
				<answer>
					<correct>true</correct>
					<content>B．ご</content>
				</answer>
				<answer>
					<correct>false</correct>
					<content>C．あと</content>
				</answer>
				<answer>
					<correct>false</correct>
					<content>D．うしろ</content>
				</answer>
			</answers>
		</subject>
		<subject>
			<index>4</index>
			<type>0</type>
			<value>10</value>
			<image>null</image>
			<subjectContent>【　むし　】がないています。</subjectContent>
			<audioid>kj55</audioid>
			<analysis></analysis>
			<answers>
				<answer>
					<correct>true</correct>
					<content>A．虫</content>
				</answer>
				<answer>
					<correct>false</correct>
					<content>B．音</content>
				</answer>
				<answer>
					<correct>false</correct>
					<content>C．犬</content>
				</answer>
				<answer>
					<correct>false</correct>
					<content>D．人</content>
				</answer>
			</answers>
		</subject>
		<subject>
			<index>5</index>
			<type>0</type>
			<value>10</value>
			<image>null</image>
			<subjectContent>バスで、【　がっこう　】にいきます。</subjectContent>
			<audioid>null</audioid>
			<analysis></analysis>
			<answers>
				<answer>
					<correct>false</correct>
					<content>A．字校</content>
				</answer>
				<answer>
					<correct>false</correct>
					<content>B．校字</content>
				</answer>
				<answer>
					<correct>true</correct>
					<content>C．学校</content>
				</answer>
				<answer>
					<correct>false</correct>
					<content>D．校学</content>
				</answer>
			</answers>
		</subject>
		<subject>
			<index>6</index>
			<type>0</type>
			<value>10</value>
			<image>null</image>
			<subjectContent>大きい【　まち　】にすんでいました。</subjectContent>
			<audioid>null</audioid>
			<analysis></analysis>
			<answers>
				<answer>
					<correct>false</correct>
					<content>A．田</content>
				</answer>
				<answer>
					<correct>false</correct>
					<content>B．村</content>
				</answer>
				<answer>
					<correct>false</correct>
					<content>C．林</content>
				</answer>
				<answer>
					<correct>true</correct>
					<content>D．町</content>
				</answer>
			</answers>
		</subject>
		<subject>
			<index>7</index>
			<type>0</type>
			<value>10</value>
			<image>null</image>
			<subjectContent>家の前で、ともだちと【　あ　】いました。</subjectContent>
			<audioid>kj58</audioid>
			<analysis></analysis>
			<answers>
				<answer>
					<correct>false</correct>
					<content>A．歌</content>
				</answer>
				<answer>
					<correct>true</correct>
					<content>B．会</content>
				</answer>
				<answer>
					<correct>false</correct>
					<content>C．合</content>
				</answer>
				<answer>
					<correct>false</correct>
					<content>D．買</content>
				</answer>
			</answers>
		</subject>
		<subject>
			<index>8</index>
			<type>0</type>
			<value>10</value>
			<image>null</image>
			<subjectContent>テストで百【　てん　】をとりました。</subjectContent>
			<audioid>null</audioid>
			<analysis></analysis>
			<answers>
				<answer>
					<correct>true</correct>
					<content>A．点</content>
				</answer>
				<answer>
					<correct>false</correct>
					<content>B．天</content>
				</answer>
				<answer>
					<correct>false</correct>
					<content>C．店</content>
				</answer>
				<answer>
					<correct>false</correct>
					<content>D．丸</content>
				</answer>
			</answers>
		</subject>
		<subject>
			<index>9</index>
			<type>0</type>
			<value>10</value>
			<image>null</image>
			<subjectContent>【　きょうしつ　】で先生と話しました。</subjectContent>
			<audioid>null</audioid>
			<analysis></analysis>
			<answers>
				<answer>
					<correct>false</correct>
					<content>A．教家</content>
				</answer>
				<answer>
					<correct>false</correct>
					<content>B．教場</content>
				</answer>
				<answer>
					<correct>true</correct>
					<content>C．教室</content>
				</answer>
				<answer>
					<correct>false</correct>
					<content>D．教間</content>
				</answer>
			</answers>
		</subject>
		
	</subjects>
</paper>