<?xml version='1.0' encoding='UTF-8'?>
<paper>
	<profile>
		  	<title>漢字例</title>		
		  	<imgId>1</imgId>
		  	<totalTime>10</totalTime>
		  	<totalScore>10</totalScore>
		  	<subjectCount>10</subjectCount>
		  	<passingScore>6</passingScore>
		  	<descriptions>漢字例</descriptions>
		  	<creator>JOPT</creator>	
		  	<fileId>0</fileId>
	  </profile>
	  <subjects>
		<subject>
			<index>0</index>
			<type>0</type>
			<value>10</value>
			<image>A11p</image>
			<subjectContent>　</subjectContent>
			<audioid>null</audioid>
			<analysis></analysis>
			<answers>
				<answer>
					<correct>true</correct>
					<content>A．犬</content>
				</answer>
				<answer>
					<correct>false</correct>
					<content>B．大</content>
				</answer>
				<answer>
					<correct>false</correct>
					<content>C．太</content>
				</answer>
				<answer>
					<correct>false</correct>
					<content>D．夫</content>
				</answer>
			</answers>
		</subject>
		<subject>
			<index>1</index>
			<type>0</type>
			<value>10</value>
			<image>null</image>
			<subjectContent>ちがうのは？</subjectContent>
			<audioid>null</audioid>
			<analysis></analysis>
			<answers>
				<answer>
					<correct>false</correct>
					<content>A．三</content>
				</answer>
				<answer>
					<correct>false</correct>
					<content>B．一</content>
				</answer>
				<answer>
					<correct>true</correct>
					<content>C．川</content>
				</answer>
				<answer>
					<correct>false</correct>
					<content>D．二</content>
				</answer>
			</answers>
		</subject>
		<subject>
			<index>2</index>
			<type>0</type>
			<value>10</value>
			<image>null</image>
			<subjectContent>はんたいは？【　大　】</subjectContent>
			<audioid>null</audioid>
			<analysis></analysis>
			<answers>
				<answer>
					<correct>true</correct>
					<content>A．小</content>
				</answer>
				<answer>
					<correct>false</correct>
					<content>B．子</content>
				</answer>
				<answer>
					<correct>false</correct>
					<content>C．力</content>
				</answer>
				<answer>
					<correct>false</correct>
					<content>D．七</content>
				</answer>
			</answers>
		</subject>
		<subject>
			<index>3</index>
			<type>0</type>
			<value>10</value>
			<image>null</image>
			<subjectContent>【　本　】があります。　　</subjectContent>
			<audioid>null</audioid>
			<analysis></analysis>
			<answers>
				<answer>
					<correct>false</correct>
					<content>A．いし</content>
				</answer>
				<answer>
					<correct>true</correct>
					<content>B．ほん</content>
				</answer>
				<answer>
					<correct>false</correct>
					<content>C．き</content>
				</answer>
				<answer>
					<correct>false</correct>
					<content>D．ほし</content>
				</answer>
			</answers>
		</subject>
		<subject>
			<index>4</index>
			<type>0</type>
			<value>10</value>
			<image>null</image>
			<subjectContent>【　みず　】をのみました。</subjectContent>
			<audioid>null</audioid>
			<analysis></analysis>
			<answers>
				<answer>
					<correct>false</correct>
					<content>A．口</content>
				</answer>
				<answer>
					<correct>false</correct>
					<content>B．火</content>
				</answer>
				<answer>
					<correct>false</correct>
					<content>C．木</content>
				</answer>
				<answer>
					<correct>true</correct>
					<content>D．水</content>
				</answer>
			</answers>
		</subject>
		<subject>
			<index>5</index>
			<type>0</type>
			<value>10</value>
			<image>null</image>
			<subjectContent>あの（　）にのってください。</subjectContent>
			<audioid>null</audioid>
			<analysis></analysis>
			<answers>
				<answer>
					<correct>true</correct>
					<content>A．車</content>
				</answer>
				<answer>
					<correct>false</correct>
					<content>B．水</content>
				</answer>
				<answer>
					<correct>false</correct>
					<content>C．文</content>
				</answer>
				<answer>
					<correct>false</correct>
					<content>D．力</content>
				</answer>
			</answers>
		</subject>
		<subject>
			<index>6</index>
			<type>0</type>
			<value>10</value>
			<image>101A</image>
			<subjectContent></subjectContent>
			<audioid>null</audioid>
			<analysis></analysis>
			<answers>
				<answer>
					<correct>false</correct>
					<content>A．白</content>
				</answer>
				<answer>
					<correct>false</correct>
					<content>B．赤</content>
				</answer>
				<answer>
					<correct>true</correct>
					<content>C．青</content>
				</answer>
				<answer>
					<correct>false</correct>
					<content>D．金</content>
				</answer>
			</answers>
		</subject>
		<subject>
			<index>7</index>
			<type>0</type>
			<value>10</value>
			<image>102A</image>
			<subjectContent></subjectContent>
			<audioid>null</audioid>
			<analysis></analysis>
			<answers>
				<answer>
					<correct>true</correct>
					<content>A．足</content>
				</answer>
				<answer>
					<correct>false</correct>
					<content>B．手</content>
				</answer>
				<answer>
					<correct>false</correct>
					<content>C．石</content>
				</answer>
				<answer>
					<correct>false</correct>
					<content>D．貝</content>
				</answer>
			</answers>
		</subject>
		<subject>
			<index>8</index>
			<type>0</type>
			<value>10</value>
			<image>201A</image>
			<subjectContent></subjectContent>
			<audioid>null</audioid>
			<analysis></analysis>
			<answers>
				<answer>
					<correct>false</correct>
					<content>A．牛</content>
				</answer>
				<answer>
					<correct>false</correct>
					<content>B．鳥</content>
				</answer>
				<answer>
					<correct>false</correct>
					<content>C．魚</content>
				</answer>
				<answer>
					<correct>true</correct>
					<content>D．馬</content>
				</answer>
			</answers>
		</subject>
		<subject>
			<index>9</index>
			<type>0</type>
			<value>10</value>
			<image>202A</image>
			<subjectContent></subjectContent>
			<audioid>null</audioid>
			<analysis></analysis>
			<answers>
				<answer>
					<correct>false</correct>
					<content>A．麦</content>
				</answer>
				<answer>
					<correct>false</correct>
					<content>B．肉</content>
				</answer>
				<answer>
					<correct>false</correct>
					<content>C．毛</content>
				</answer>
				<answer>
					<correct>true</correct>
					<content>D．内</content>
				</answer>
			</answers>
		</subject>
      </subjects>
</paper>