<?xml version='1.0' encoding='UTF-8'?>
<paper>
	<profile>
		  	<title>YC例</title>
		  	<imgId>1</imgId>
		  	<totalTime>10</totalTime>
		  	<totalScore>10</totalScore>
		  	<subjectCount>10</subjectCount>
		  	<passingScore>6</passingScore>
		  	<descriptions>YC例 テスト</descriptions>
		  	<creator>JOPT</creator>
		  	<fileId>7</fileId>
	  </profile>
	  <subjects>
		<subject>
			<index>0</index>
			<type>0</type>
			<value>1</value>
			<image>null</image>
			<subjectContent>風力発電の羽根は、大型化する（　　）っぽう、弱い風でも動くようにi工夫されています。</subjectContent>
			<audioid>null</audioid>
			<analysis></analysis>
			<answers>
				<answer>
					<correct>false</correct>
					<content>A．り</content>
				</answer>
				<answer>
					<correct>true</correct>
					<content>B．い</content>
				</answer>
				<answer>
					<correct>false</correct>
					<content>C．す</content>
				</answer>
				<answer>
					<correct>false</correct>
					<content>D．て</content>
				</answer>
			</answers>
		</subject>
		<subject>
			<index>1</index>
			<type>0</type>
			<value>1</value>
			<image>null</image>
			<subjectContent>課題ごとにグループを作り、計画を立て、課題に（　　）うじた方法で調べる。</subjectContent>
			<audioid>null</audioid>
			<analysis></analysis>
			<answers>
				<answer>
					<correct>true</correct>
					<content>A．お</content>
				</answer>
				<answer>
					<correct>false</correct>
					<content>B．ほ</content>
				</answer>
				<answer>
					<correct>false</correct>
					<content>C．と</content>
				</answer>
				<answer>
					<correct>false</correct>
					<content>D．う</content>
				</answer>
			</answers>
		</subject>
		<subject>
			<index>2</index>
			<type>0</type>
			<value>1</value>
			<image>null</image>
			<subjectContent>祭りなら、たいこや笛の音がしそうな（　　）のだ。</subjectContent>
			<audioid>null</audioid>
			<analysis></analysis>
			<answers>
				<answer>
					<correct>false</correct>
					<content>A．し</content>
				</answer>
				<answer>
					<correct>false</correct>
					<content>B．な</content>
				</answer>
				<answer>
					<correct>true</correct>
					<content>C．も</content>
				</answer>
				<answer>
					<correct>false</correct>
					<content>D．そ</content>
				</answer>
			</answers>
		</subject>
		<subject>
			<index>3</index>
			<type>0</type>
			<value>1</value>
			<image>null</image>
			<subjectContent>健康の基本（　　）ある食事を大切に考えて過ごしましょう。</subjectContent>
			<audioid>null</audioid>
			<analysis></analysis>
			<answers>
				<answer>
					<correct>false</correct>
					<content>A．に</content>
				</answer>
				<answer>
					<correct>false</correct>
					<content>B．の</content>
				</answer>
				<answer>
					<correct>false</correct>
					<content>C．ん</content>
				</answer>
				<answer>
					<correct>true</correct>
					<content>D．で</content>
				</answer>
			</answers>
		</subject>
		<subject>
			<index>4</index>
			<type>0</type>
			<value>1</value>
			<image>null</image>
			<subjectContent>学習を通（　　）て知ったことや感じたことをふり返る。</subjectContent>
			<audioid>null</audioid>
			<analysis></analysis>
			<answers>
				<answer>
					<correct>false</correct>
					<content>A．う</content>
				</answer>
				<answer>
					<correct>true</correct>
					<content>B．し</content>
				</answer>
				<answer>
					<correct>false</correct>
					<content>C．と</content>
				</answer>
				<answer>
					<correct>false</correct>
					<content>D．を</content>
				</answer>
			</answers>
		</subject>
		<subject>
			<index>5</index>
			<type>0</type>
			<value>1</value>
			<image>null</image>
			<subjectContent>テレビはわたしたち（　　）とって、とても身近なものです。</subjectContent>
			<audioid>null</audioid>
			<analysis></analysis>
			<answers>
				<answer>
					<correct>true</correct>
					<content>A．に</content>
				</answer>
				<answer>
					<correct>false</correct>
					<content>B．へ</content>
				</answer>
				<answer>
					<correct>false</correct>
					<content>C．と</content>
				</answer>
				<answer>
					<correct>false</correct>
					<content>D．え</content>
				</answer>
			</answers>
		</subject>
		<subject>
			<index>6</index>
			<type>0</type>
			<value>1</value>
			<image>null</image>
			<subjectContent>水やりの回数は、植物の種類に（　　）ってちがいます。</subjectContent>
			<audioid>null</audioid>
			<analysis></analysis>
			<answers>
				<answer>
					<correct>false</correct>
					<content>A．ち</content>
				</answer>
				<answer>
					<correct>true</correct>
					<content>B．よ</content>
				</answer>
				<answer>
					<correct>false</correct>
					<content>C．と</content>
				</answer>
				<answer>
					<correct>false</correct>
					<content>D．し</content>
				</answer>
			</answers>
		</subject>
		<subject>
			<index>7</index>
			<type>0</type>
			<value>1</value>
			<image>null</image>
			<subjectContent>この行事は昔からのこの土地の習慣に（　　）とづくものです。</subjectContent>
			<audioid>null</audioid>
			<analysis></analysis>
			<answers>
				<answer>
					<correct>false</correct>
					<content>A．も</content>
				</answer>
				<answer>
					<correct>false</correct>
					<content>B．に</content>
				</answer>
				<answer>
					<correct>true</correct>
					<content>C．も</content>
				</answer>
				<answer>
					<correct>false</correct>
					<content>D．す</content>
				</answer>
			</answers>
		</subject>
		<subject>
			<index>8</index>
			<type>0</type>
			<value>1</value>
			<image>null</image>
			<subjectContent>ニュースで見る映像が全てであるかのような錯覚におちいってしまい（　　）ちです。</subjectContent>
			<audioid>null</audioid>
			<analysis></analysis>
			<answers>
				<answer>
					<correct>false</correct>
					<content>A．て</content>
				</answer>
				<answer>
					<correct>true</correct>
					<content>B．が</content>
				</answer>
				<answer>
					<correct>false</correct>
					<content>C．ま</content>
				</answer>
				<answer>
					<correct>false</correct>
					<content>D．い</content>
				</answer>
			</answers>
		</subject>
		<subject>
			<index>9</index>
			<type>0</type>
			<value>1</value>
			<image>null</image>
			<subjectContent>新聞は世の中の出来事や動きを知る（　　）えで役に立つものです。　</subjectContent>
			<audioid>null</audioid>
			<analysis></analysis>
			<answers>
				<answer>
					<correct>false</correct>
					<content>A．も</content>
				</answer>
				<answer>
					<correct>false</correct>
					<content>B．べ</content>
				</answer>
				<answer>
					<correct>true</correct>
					<content>C．う</content>
				</answer>
				<answer>
					<correct>false</correct>
					<content>D．め</content>
				</answer>
			</answers>
		</subject>
		
	</subjects>
</paper>