<?xml version='1.0' encoding='UTF-8'?>
<paper>
	<profile>
		  	<title>YAB例</title>
		  	<imgId>1</imgId>
		  	<totalTime>10</totalTime>
		  	<totalScore>10</totalScore>
		  	<subjectCount>10</subjectCount>
		  	<passingScore>6</passingScore>
		  	<descriptions>YAB例 テスト</descriptions>
		  	<creator>JOPT</creator>
		  	<fileId>6</fileId>
	  </profile>
	  <subjects>
	  
		<subject>
			<index>0</index>
			<type>0</type>
			<value>10</value>
			<image>null</image>
			<subjectContent>この　ふねは、さかなを　とる　ため（　　） ふねです。</subjectContent>
			<audioid>null</audioid>
			<analysis></analysis>
			<answers>
				<answer>
					<correct>false</correct>
					<content>A．め</content>
				</answer>
				<answer>
					<correct>false</correct>
					<content>B．た</content>
				</answer>
				<answer>
					<correct>false</correct>
					<content>C．で</content>
				</answer>
				<answer>
					<correct>true</correct>
					<content>D．の</content>
				</answer>
			</answers>
		</subject>
		<subject>
			<index>1</index>
			<type>0</type>
			<value>10</value>
			<image>null</image>
			<subjectContent>チューリップには　いろいろな　かたちや　いろが　ある（　　）　わかった。 </subjectContent>
			<audioid>null</audioid>
			<analysis></analysis>
			<answers>
				<answer>
					<correct>false</correct>
					<content>A．と</content>
				</answer>
				<answer>
					<correct>false</correct>
					<content>B．が</content>
				</answer>
				<answer>
					<correct>false</correct>
					<content>C．る</content>
				</answer>
				<answer>
					<correct>true</correct>
					<content>D．お</content>
				</answer>
			</answers>
		</subject>
		<subject>
			<index>2</index>
			<type>0</type>
			<value>10</value>
			<image>null</image>
			<subjectContent>じゃんけんの　グーは、石（　　）　あらわします。</subjectContent>
			<audioid>null</audioid>
			<analysis></analysis>
			<answers>
				<answer>
					<correct>false</correct>
					<content>A．は</content>
				</answer>
				<answer>
					<correct>true</correct>
					<content>B．を</content>
				</answer>
				<answer>
					<correct>false</correct>
					<content>C．い</content>
				</answer>
				<answer>
					<correct>false</correct>
					<content>D．し</content>
				</answer>
			</answers>
		</subject>
		<subject>
			<index>3</index>
			<type>0</type>
			<value>10</value>
			<image>null</image>
			<subjectContent>まちがえて　飲んだりした（　　）　さい後、あっというまに　死んで　しまいますよ。　</subjectContent>
			<audioid>null</audioid>
			<analysis></analysis>
			<answers>
				<answer>
					<correct>false</correct>
					<content>A．り</content>
				</answer>
				<answer>
					<correct>false</correct>
					<content>B．か</content>
				</answer>
				<answer>
					<correct>true</correct>
					<content>C．ら</content>
				</answer>
				<answer>
					<correct>false</correct>
					<content>D．し</content>
				</answer>
			</answers>
		</subject>
		<subject>
			<index>4</index>
			<type>0</type>
			<value>10</value>
			<image>null</image>
			<subjectContent>メモに　書いた　ことを　（　　）とに、せいりして　書きましょう。</subjectContent>
			<audioid>null</audioid>
			<analysis></analysis>
			<answers>
				<answer>
					<correct>false</correct>
					<content>A．を</content>
				</answer>
				<answer>
					<correct>false</correct>
					<content>B．に</content>
				</answer>
				<answer>
					<correct>false</correct>
					<content>C．せ</content>
				</answer>
				<answer>
					<correct>true</correct>
					<content>D．も</content>
				</answer>
			</answers>
		</subject>
		<subject>
			<index>5</index>
			<type>0</type>
			<value>10</value>
			<image>null</image>
			<subjectContent>しゃしんを　見て、どんな　ことが　おこったのかを　そうぞう（　　）、話してください。</subjectContent>
			<audioid>null</audioid>
			<analysis></analysis>
			<answers>
				<answer>
					<correct>true</correct>
					<content>A．し</content>
				</answer>
				<answer>
					<correct>false</correct>
					<content>B．を</content>
				</answer>
				<answer>
					<correct>false</correct>
					<content>C．は</content>
				</answer>
				<answer>
					<correct>false</correct>
					<content>D．う</content>
				</answer>
			</answers>
		</subject>
		<subject>
			<index>6</index>
			<type>0</type>
			<value>10</value>
			<image>null</image>
			<subjectContent>発表の練習をしながら、さら（　　）くふうしたほうがよいことを考えましょう。</subjectContent>
			<audioid>null</audioid>
			<analysis></analysis>
			<answers>
				<answer>
					<correct>false</correct>
					<content>A．を</content>
				</answer>
				<answer>
					<correct>false</correct>
					<content>B．ら</content>
				</answer>
				<answer>
					<correct>true</correct>
					<content>C．に</content>
				</answer>
				<answer>
					<correct>false</correct>
					<content>D．あ</content>
				</answer>
			</answers>
		</subject>
		<subject>
			<index>7</index>
			<type>0</type>
			<value>10</value>
			<image>null</image>
			<subjectContent>インターネットで調べた（　　）ころ、1192年に始まったと書いてありました。　</subjectContent>
			<audioid>null</audioid>
			<analysis></analysis>
			<answers>
				<answer>
					<correct>false</correct>
					<content>A．の</content>
				</answer>
				<answer>
					<correct>false</correct>
					<content>B．た</content>
				</answer>
				<answer>
					<correct>false</correct>
					<content>C．ら</content>
				</answer>
				<answer>
					<correct>true</correct>
					<content>D．と</content>
				</answer>
			</answers>
		</subject>
		<subject>
			<index>8</index>
			<type>0</type>
			<value>10</value>
			<image>null</image>
			<subjectContent>子供会でリサイクル活動を行っているとの（　　）とでした。　</subjectContent>
			<audioid>null</audioid>
			<analysis></analysis>
			<answers>
				<answer>
					<correct>true</correct>
					<content>A．こ</content>
				</answer>
				<answer>
					<correct>false</correct>
					<content>B．で</content>
				</answer>
				<answer>
					<correct>false</correct>
					<content>C．の</content>
				</answer>
				<answer>
					<correct>false</correct>
					<content>D．と</content>
				</answer>
			</answers>
		</subject>
		<subject>
			<index>9</index>
			<type>0</type>
			<value>10</value>
			<image>null</image>
			<subjectContent>主人公の変化をとらえることで、物語を（　　）り深く味わうことができます。</subjectContent>
			<audioid>null</audioid>
			<analysis></analysis>
			<answers>
				<answer>
					<correct>false</correct>
					<content>A．も</content>
				</answer>
				<answer>
					<correct>false</correct>
					<content>B．た</content>
				</answer>
				<answer>
					<correct>true</correct>
					<content>C．よ</content>
				</answer>
				<answer>
					<correct>false</correct>
					<content>D．と</content>
				</answer>
			</answers>
		</subject>
		
	</subjects>
</paper>